datetime,temperature,humidity
2021-02-26 08:00:00,20.978494623655912,27.376344086021504
2021-02-26 09:00:00,23.768421052631577,24.040601503759397
2021-02-26 10:00:00,25.008849557522122,30.794690265486725
2021-02-26 11:00:00,22.839285714285715,31.142857142857142
2021-02-26 12:00:00,23.854545454545455,29.054545454545455
2021-02-26 13:00:00,24.0,27.933333333333334
2021-02-26 14:00:00,24.0,27.05
2021-02-26 15:00:00,24.0,26.491525423728813
2021-02-26 16:00:00,23.9,25.3
2021-02-26 17:00:00,24.0,23.85
2021-02-26 18:00:00,21.357142857142858,26.517857142857142
2021-02-26 19:00:00,21.366666666666667,27.05
2021-02-26 20:00:00,23.559322033898304,24.76271186440678
2021-02-26 21:00:00,22.05263157894737,27.0
2021-02-26 22:00:00,22.383333333333333,25.366666666666667
2021-02-26 23:00:00,23.724137931034484,22.689655172413794
2021-02-27 00:00:00,24.0,22.0
2021-02-27 01:00:00,24.0,22.0
2021-02-27 02:00:00,24.0,21.79310344827586
2021-02-27 03:00:00,24.0,21.203389830508474
2021-02-27 04:00:00,24.0,21.016666666666666
2021-02-27 05:00:00,24.0,21.0
2021-02-27 06:00:00,24.0,20.983050847457626
2021-02-27 07:00:00,24.05,20.866666666666667
2021-02-27 08:00:00,24.0,21.71186440677966
2021-02-27 09:00:00,21.46551724137931,26.413793103448278
2021-02-27 10:00:00,24.0,23.23728813559322
2021-02-27 11:00:00,23.627118644067796,25.050847457627118
2021-02-27 12:00:00,22.732142857142858,27.0
2021-02-27 13:00:00,23.016949152542374,25.93220338983051
2021-02-27 14:00:00,23.266666666666666,25.966666666666665
2021-02-27 15:00:00,23.0,26.17543859649123
2021-02-27 16:00:00,23.183333333333334,26.0
2021-02-27 17:00:00,23.666666666666668,25.483333333333334
2021-02-27 18:00:00,24.0,30.25423728813559
2021-02-27 19:00:00,23.087719298245613,29.035087719298247
2021-02-27 20:00:00,22.216666666666665,28.833333333333332
2021-02-27 21:00:00,22.0,28.508474576271187
2021-02-27 22:00:00,22.322033898305083,26.89830508474576
2021-02-27 23:00:00,23.915254237288135,24.11864406779661
2021-02-28 00:00:00,24.0,23.948275862068964
2021-02-28 01:00:00,24.0,23.983050847457626
2021-02-28 02:00:00,24.0,24.0
2021-02-28 03:00:00,24.0,24.033333333333335
2021-02-28 04:00:00,24.0,24.233333333333334
2021-02-28 05:00:00,24.0,24.844827586206897
2021-02-28 06:00:00,23.810344827586206,25.67241379310345
2021-02-28 07:00:00,18.383333333333333,34.45
2021-02-28 08:00:00,23.155172413793103,27.948275862068964
2021-02-28 09:00:00,23.93220338983051,33.57627118644068
2021-02-28 10:00:00,23.93220338983051,28.796610169491526
2021-02-28 11:00:00,24.0,27.228070175438596
2021-02-28 12:00:00,23.694915254237287,27.0
2021-02-28 13:00:00,23.0,26.896551724137932
2021-02-28 14:00:00,23.0,26.433333333333334
2021-02-28 15:00:00,23.0,26.0
2021-02-28 16:00:00,23.0,25.966101694915253
2021-02-28 17:00:00,23.0,25.1864406779661
2021-02-28 18:00:00,23.0,25.0
2021-02-28 19:00:00,20.637931034482758,28.413793103448278
2021-02-28 20:00:00,22.625,26.517857142857142
2021-02-28 21:00:00,23.64406779661017,25.16949152542373
2021-02-28 22:00:00,22.74576271186441,26.305084745762713
2021-02-28 23:00:00,23.508474576271187,24.52542372881356
2021-03-01 00:00:00,24.0,23.35
2021-03-01 01:00:00,24.0,23.0
2021-03-01 02:00:00,24.0,22.816666666666666
2021-03-01 03:00:00,24.0,22.627118644067796
2021-03-01 04:00:00,24.0,22.033333333333335
2021-03-01 05:00:00,24.0,21.847457627118644
2021-03-01 06:00:00,24.0,21.982758620689655
2021-03-01 07:00:00,16.42105263157895,31.36842105263158
2021-03-01 08:00:00,23.64406779661017,22.915254237288135
2021-03-01 09:00:00,23.983333333333334,23.0
2021-03-01 10:00:00,24.216666666666665,22.1
2021-03-01 11:00:00,24.275862068965516,27.06896551724138
2021-03-01 12:00:00,24.086206896551722,25.896551724137932
2021-03-01 13:00:00,24.0,27.05
2021-03-01 14:00:00,23.56896551724138,28.155172413793103
2021-03-01 15:00:00,22.982758620689655,29.03448275862069
2021-03-01 16:00:00,22.983050847457626,28.915254237288135
2021-03-01 17:00:00,22.224137931034484,27.67241379310345
2021-03-01 18:00:00,23.64406779661017,26.74576271186441
2021-03-01 19:00:00,22.616666666666667,27.65
2021-03-01 20:00:00,22.0,28.45762711864407
2021-03-01 21:00:00,22.0,28.0
2021-03-01 22:00:00,22.0,27.783333333333335
2021-03-01 23:00:00,22.05,27.433333333333334
2021-03-02 00:00:00,22.779661016949152,25.305084745762713
2021-03-02 01:00:00,24.017241379310345,23.275862068965516
2021-03-02 02:00:00,24.0,23.016666666666666
2021-03-02 03:00:00,24.0,22.879310344827587
2021-03-02 04:00:00,24.0,22.508474576271187
2021-03-02 05:00:00,24.0,22.033898305084747
2021-03-02 06:00:00,23.983050847457626,21.779661016949152
2021-03-02 07:00:00,22.566666666666666,23.933333333333334
2021-03-02 08:00:00,24.775862068965516,22.017241379310345
2021-03-02 09:00:00,24.724137931034484,23.086206896551722
2021-03-02 10:00:00,23.915254237288135,24.864406779661017
2021-03-02 11:00:00,24.0,25.517241379310345
2021-03-02 12:00:00,23.728813559322035,26.89830508474576
2021-03-02 13:00:00,23.0,27.82758620689655
2021-03-02 14:00:00,22.771929824561404,28.0
2021-03-02 15:00:00,23.0,27.666666666666668
2021-03-02 16:00:00,20.694915254237287,28.559322033898304
2021-03-02 17:00:00,23.406779661016948,24.050847457627118
2021-03-02 18:00:00,22.949152542372882,24.203389830508474
2021-03-02 19:00:00,22.47457627118644,24.305084745762713
2021-03-02 20:00:00,22.916666666666668,23.666666666666668
2021-03-02 21:00:00,22.033333333333335,23.85
2021-03-02 22:00:00,22.775862068965516,21.79310344827586
2021-03-02 23:00:00,23.07017543859649,21.350877192982455
2021-03-03 00:00:00,23.033898305084747,21.338983050847457
2021-03-03 01:00:00,23.189655172413794,21.17241379310345
2021-03-03 02:00:00,23.842105263157894,20.92982456140351
2021-03-03 03:00:00,23.883333333333333,20.916666666666668
2021-03-03 04:00:00,23.79310344827586,20.93103448275862
2021-03-03 05:00:00,24.0,20.379310344827587
2021-03-03 06:00:00,21.7,24.2
2021-03-03 07:00:00,24.2,20.95
2021-03-03 08:00:00,23.847457627118644,22.322033898305083
2021-03-03 09:00:00,25.0,23.655172413793103
2021-03-03 10:00:00,24.783333333333335,23.2
2021-03-03 11:00:00,24.103448275862068,23.879310344827587
2021-03-03 12:00:00,24.0,24.983333333333334
2021-03-03 13:00:00,23.949152542372882,24.983050847457626
2021-03-03 14:00:00,23.74137931034483,24.189655172413794
2021-03-03 15:00:00,23.593220338983052,23.610169491525422
2021-03-03 16:00:00,23.25,22.733333333333334
2021-03-03 17:00:00,23.714285714285715,21.767857142857142
2021-03-03 18:00:00,23.833333333333332,20.766666666666666
2021-03-03 19:00:00,23.9,20.0
2021-03-03 20:00:00,23.896551724137932,19.896551724137932
2021-03-03 21:00:00,23.183333333333334,19.916666666666668
2021-03-03 22:00:00,23.93220338983051,19.050847457627118
2021-03-03 23:00:00,23.694915254237287,19.135593220338983
2021-03-04 00:00:00,23.36842105263158,19.087719298245613
2021-03-04 01:00:00,23.423728813559322,19.0
2021-03-04 02:00:00,23.483333333333334,18.95
2021-03-04 03:00:00,23.8135593220339,18.796610169491526
2021-03-04 04:00:00,23.915254237288135,18.25423728813559
2021-03-04 05:00:00,23.95,18.0
2021-03-04 06:00:00,23.966666666666665,17.983333333333334
2021-03-04 07:00:00,24.135593220338983,17.796610169491526
2021-03-04 08:00:00,25.0,17.783333333333335
2021-03-04 09:00:00,24.74137931034483,18.43103448275862
2021-03-04 10:00:00,24.8,18.866666666666667
2021-03-04 11:00:00,24.508474576271187,19.71186440677966
2021-03-04 12:00:00,23.796610169491526,21.06779661016949
2021-03-04 13:00:00,23.0,22.6
2021-03-04 14:00:00,22.983050847457626,23.423728813559322
2021-03-04 15:00:00,22.949152542372882,20.949152542372882
2021-03-04 16:00:00,23.379310344827587,18.93103448275862
2021-03-04 17:00:00,23.29824561403509,17.982456140350877
2021-03-04 18:00:00,23.89830508474576,17.16949152542373
2021-03-04 19:00:00,23.637931034482758,16.75862068965517
2021-03-04 20:00:00,23.862068965517242,16.913793103448278
2021-03-04 21:00:00,23.183333333333334,17.8
2021-03-04 22:00:00,23.2,17.116666666666667
2021-03-04 23:00:00,23.733333333333334,17.0
2021-03-05 00:00:00,23.862068965517242,17.0
2021-03-05 01:00:00,23.85,17.0
2021-03-05 02:00:00,24.0,16.689655172413794
2021-03-05 03:00:00,24.0,16.379310344827587
2021-03-05 04:00:00,23.949152542372882,16.45762711864407
2021-03-05 05:00:00,23.982456140350877,16.12280701754386
2021-03-05 06:00:00,24.0,16.0
2021-03-05 07:00:00,24.483333333333334,15.566666666666666
2021-03-05 08:00:00,25.0,18.23728813559322
2021-03-05 09:00:00,24.983050847457626,18.864406779661017
2021-03-05 10:00:00,25.15,17.3
2021-03-05 11:00:00,24.915254237288135,18.10169491525424
2021-03-05 12:00:00,24.016949152542374,18.966101694915253
2021-03-05 13:00:00,24.0,19.0
2021-03-05 14:00:00,24.0,18.948275862068964
2021-03-05 15:00:00,24.0,18.8135593220339
2021-03-05 16:00:00,24.0,18.0
2021-03-05 17:00:00,24.0,17.440677966101696
2021-03-05 18:00:00,24.0,17.0
2021-03-05 19:00:00,24.16949152542373,16.54237288135593
2021-03-05 20:00:00,23.915254237288135,17.576271186440678
2021-03-05 21:00:00,22.983050847457626,19.508474576271187
2021-03-05 22:00:00,23.372881355932204,18.45762711864407
2021-03-05 23:00:00,24.0,17.23728813559322
2021-03-06 00:00:00,24.0,17.310344827586206
2021-03-06 01:00:00,24.0,17.9
2021-03-06 02:00:00,24.0,18.0
2021-03-06 03:00:00,24.0,18.016949152542374
2021-03-06 04:00:00,24.016949152542374,18.016949152542374
2021-03-06 05:00:00,24.084745762711865,18.0
2021-03-06 06:00:00,24.051724137931036,18.0
2021-03-06 07:00:00,24.183333333333334,18.4
2021-03-06 08:00:00,24.0,19.666666666666668
2021-03-06 09:00:00,24.0,20.016666666666666
2021-03-06 10:00:00,24.0,20.915254237288135
2021-03-06 11:00:00,23.883333333333333,21.216666666666665
2021-03-06 12:00:00,23.35,22.5
2021-03-06 13:00:00,24.0,21.864406779661017
2021-03-06 14:00:00,24.0,22.55
2021-03-06 15:00:00,23.982758620689655,22.517241379310345
2021-03-06 16:00:00,24.0,20.56896551724138
2021-03-06 17:00:00,24.0,19.433333333333334
2021-03-06 18:00:00,24.0,18.152542372881356
2021-03-06 19:00:00,24.0,17.24137931034483
2021-03-06 20:00:00,24.0,17.016949152542374
2021-03-06 21:00:00,24.0,16.966666666666665
2021-03-06 22:00:00,24.0,16.357142857142858
2021-03-06 23:00:00,24.389830508474578,15.576271186440678
2021-03-07 00:00:00,24.516666666666666,15.0
2021-03-07 01:00:00,24.086206896551722,14.931034482758621
2021-03-07 02:00:00,24.216666666666665,14.333333333333334
2021-03-07 03:00:00,24.616666666666667,14.0
2021-03-07 04:00:00,24.879310344827587,13.96551724137931
2021-03-07 05:00:00,24.93220338983051,13.254237288135593
2021-03-07 06:00:00,25.0,13.0
2021-03-07 07:00:00,24.694915254237287,13.711864406779661
2021-03-07 08:00:00,25.0,13.714285714285714
2021-03-07 09:00:00,25.0,14.0
2021-03-07 10:00:00,24.966666666666665,14.766666666666667
2021-03-07 11:00:00,25.0,15.0
2021-03-07 12:00:00,24.316666666666666,15.916666666666666
2021-03-07 13:00:00,24.053571428571427,17.214285714285715
2021-03-07 14:00:00,23.71186440677966,20.796610169491526
2021-03-07 15:00:00,24.224137931034484,17.46551724137931
2021-03-07 16:00:00,22.627118644067796,19.45762711864407
2021-03-07 17:00:00,21.95,19.5
2021-03-07 18:00:00,22.423728813559322,17.23728813559322
2021-03-07 19:00:00,23.133333333333333,15.933333333333334
2021-03-07 20:00:00,23.586206896551722,15.275862068965518
2021-03-07 21:00:00,24.0,14.60344827586207
2021-03-07 22:00:00,23.783333333333335,14.916666666666666
2021-03-07 23:00:00,23.966101694915253,14.779661016949152
2021-03-08 00:00:00,23.96551724137931,14.241379310344827
2021-03-08 01:00:00,24.4,13.316666666666666
2021-03-08 02:00:00,24.82758620689655,13.017241379310345
2021-03-08 03:00:00,24.966666666666665,13.033333333333333
2021-03-08 04:00:00,24.916666666666668,13.0
2021-03-08 05:00:00,25.0,12.983050847457626
2021-03-08 06:00:00,25.0,12.416666666666666
2021-03-08 07:00:00,24.816666666666666,12.85
2021-03-08 08:00:00,25.0,15.859649122807017
2021-03-08 09:00:00,25.0,16.266666666666666
2021-03-08 10:00:00,24.322033898305083,16.0
2021-03-08 11:00:00,24.0,16.372881355932204
2021-03-08 12:00:00,24.0,16.017543859649123
2021-03-08 13:00:00,24.0,16.05
2021-03-08 14:00:00,24.0,16.5
2021-03-08 15:00:00,24.0,16.216666666666665
2021-03-08 16:00:00,24.0,16.32758620689655
2021-03-08 17:00:00,24.0,16.0
2021-03-08 18:00:00,24.0,15.525423728813559
2021-03-08 19:00:00,24.0,16.0
2021-03-08 20:00:00,24.0,15.64406779661017
2021-03-08 21:00:00,24.0,15.033333333333333
2021-03-08 22:00:00,24.0,15.0
2021-03-08 23:00:00,24.576271186440678,14.101694915254237
2021-03-09 00:00:00,24.017543859649123,14.035087719298245
2021-03-09 01:00:00,24.0,14.086206896551724
2021-03-09 02:00:00,24.116666666666667,14.2
2021-03-09 03:00:00,24.46551724137931,14.10344827586207
2021-03-09 04:00:00,24.050847457627118,14.898305084745763
2021-03-09 05:00:00,24.833333333333332,14.416666666666666
2021-03-09 06:00:00,24.661016949152543,14.915254237288135
2021-03-09 07:00:00,24.583333333333332,14.966666666666667
2021-03-09 08:00:00,24.589285714285715,17.446428571428573
2021-03-09 09:00:00,23.666666666666668,19.4
2021-03-09 10:00:00,22.016666666666666,20.883333333333333
2021-03-09 11:00:00,22.583333333333332,20.05
2021-03-09 12:00:00,22.76271186440678,18.847457627118644
2021-03-09 13:00:00,23.15,17.766666666666666
2021-03-09 14:00:00,24.157894736842106,17.29824561403509
2021-03-09 15:00:00,22.06896551724138,20.20689655172414
2021-03-09 16:00:00,21.52542372881356,20.06779661016949
2021-03-09 17:00:00,21.016949152542374,19.23728813559322
2021-03-09 18:00:00,21.0,19.05
2021-03-09 19:00:00,21.637931034482758,17.620689655172413
2021-03-09 20:00:00,24.0,14.566666666666666
2021-03-09 21:00:00,24.1,14.033333333333333
2021-03-09 22:00:00,24.140350877192983,14.017543859649123
2021-03-09 23:00:00,24.06779661016949,14.05084745762712
2021-03-10 00:00:00,24.333333333333332,14.0
2021-03-10 01:00:00,24.483333333333334,13.6
2021-03-10 02:00:00,24.28813559322034,13.610169491525424
2021-03-10 03:00:00,24.440677966101696,13.457627118644067
2021-03-10 04:00:00,24.789473684210527,13.017543859649123
2021-03-10 05:00:00,24.482758620689655,13.017241379310345
2021-03-10 06:00:00,24.35593220338983,13.016949152542374
2021-03-10 07:00:00,23.24561403508772,14.929824561403509
2021-03-10 08:00:00,23.933333333333334,14.2
2021-03-10 09:00:00,24.0,14.482758620689655
2021-03-10 10:00:00,24.0,15.333333333333334
2021-03-10 11:00:00,24.0,16.3
2021-03-10 12:00:00,23.23728813559322,17.779661016949152
2021-03-10 13:00:00,22.733333333333334,19.616666666666667
2021-03-10 14:00:00,23.033898305084747,17.440677966101696
2021-03-10 15:00:00,23.54385964912281,15.508771929824562
2021-03-10 16:00:00,23.43103448275862,14.724137931034482
2021-03-10 17:00:00,24.05,13.2
2021-03-10 18:00:00,24.247863247863247,13.41025641025641
2021-03-10 19:00:00,24.252100840336134,13.218487394957982
2021-03-10 20:00:00,24.333333333333332,13.083333333333334
2021-03-10 21:00:00,24.389830508474578,13.11864406779661
2021-03-10 22:00:00,24.491525423728813,13.0
2021-03-10 23:00:00,24.440677966101696,13.11864406779661
2021-03-11 00:00:00,24.256410256410255,13.136752136752136
2021-03-11 01:00:00,24.616666666666667,13.0
2021-03-11 02:00:00,24.1864406779661,13.033898305084746
2021-03-11 03:00:00,24.4,13.0
2021-03-11 04:00:00,24.50862068965517,13.10344827586207
2021-03-11 05:00:00,24.233333333333334,13.733333333333333
2021-03-11 06:00:00,24.321739130434782,13.982608695652173
2021-03-11 07:00:00,24.53846153846154,14.324786324786325
2021-03-11 08:00:00,22.865546218487395,17.638655462184875
2021-03-11 09:00:00,22.086206896551722,18.948275862068964
2021-03-11 10:00:00,21.5982905982906,19.54700854700855
2021-03-11 11:00:00,22.0,19.846153846153847
2021-03-11 12:00:00,21.966101694915253,20.372881355932204
2021-03-11 13:00:00,22.076271186440678,19.66949152542373
2021-03-11 14:00:00,23.596638655462186,17.747899159663866
2021-03-11 15:00:00,24.0,18.18487394957983
2021-03-11 16:00:00,23.423728813559322,19.966101694915253
2021-03-11 17:00:00,22.016666666666666,21.9
2021-03-11 18:00:00,22.319327731092436,21.100840336134453
2021-03-11 19:00:00,22.965811965811966,19.923076923076923
2021-03-11 20:00:00,23.666666666666668,19.083333333333332
2021-03-11 21:00:00,23.9,19.066666666666666
2021-03-11 22:00:00,23.965217391304346,19.017391304347825
2021-03-11 23:00:00,24.0,18.966666666666665
2021-03-12 00:00:00,24.0,19.0
2021-03-12 01:00:00,24.0,18.983050847457626
2021-03-12 02:00:00,24.0,18.9
2021-03-12 03:00:00,24.017391304347825,18.73913043478261
2021-03-12 04:00:00,24.05128205128205,18.45299145299145
2021-03-12 05:00:00,24.067226890756302,18.88235294117647
2021-03-12 06:00:00,24.0,19.168067226890756
2021-03-12 07:00:00,24.03448275862069,19.603448275862068
2021-03-12 08:00:00,24.10169491525424,29.16949152542373
2021-03-12 09:00:00,22.88034188034188,25.99145299145299
2021-03-12 10:00:00,23.066666666666666,24.9
2021-03-12 11:00:00,23.136752136752136,23.957264957264957
2021-03-12 12:00:00,23.376068376068375,23.45299145299145
2021-03-12 13:00:00,23.0,23.92436974789916
2021-03-12 14:00:00,23.316666666666666,22.55
2021-03-12 15:00:00,24.03448275862069,22.689655172413794
2021-03-12 16:00:00,23.8,23.8
2021-03-12 17:00:00,23.017094017094017,24.418803418803417
2021-03-12 18:00:00,23.307692307692307,23.256410256410255
2021-03-12 19:00:00,23.6,23.7
2021-03-12 20:00:00,22.576271186440678,24.983050847457626
2021-03-12 21:00:00,23.17241379310345,23.603448275862068
2021-03-12 22:00:00,23.133333333333333,23.766666666666666
2021-03-12 23:00:00,23.29059829059829,22.76068376068376
2021-03-13 00:00:00,24.0,21.220338983050848
2021-03-13 01:00:00,24.0,21.0
2021-03-13 02:00:00,24.0,21.0
2021-03-13 03:00:00,24.0,21.0
2021-03-13 04:00:00,24.0,21.0
2021-03-13 05:00:00,24.0,21.0
2021-03-13 06:00:00,24.0,21.0
2021-03-13 07:00:00,24.201680672268907,20.96638655462185
2021-03-13 08:00:00,24.0,21.03361344537815
2021-03-13 09:00:00,24.0,21.0
2021-03-13 10:00:00,24.0,22.116666666666667
2021-03-13 11:00:00,24.033333333333335,24.333333333333332
2021-03-13 12:00:00,24.0,22.89830508474576
2021-03-13 13:00:00,24.0,22.0
2021-03-13 14:00:00,24.0,21.966101694915253
2021-03-13 15:00:00,24.0,21.54237288135593
2021-03-13 16:00:00,24.0,21.025210084033613
2021-03-13 17:00:00,24.0,21.0
2021-03-13 18:00:00,23.983050847457626,21.0
2021-03-13 19:00:00,24.0,21.086206896551722
2021-03-13 20:00:00,24.0,21.319327731092436
2021-03-13 21:00:00,24.0,21.016949152542374
2021-03-13 22:00:00,24.0,21.0
2021-03-13 23:00:00,24.0,21.016806722689076
2021-03-14 00:00:00,24.0,21.0
2021-03-14 01:00:00,24.0,21.0
2021-03-14 02:00:00,24.0,21.050420168067227
2021-03-14 03:00:00,24.0,21.0
2021-03-14 04:00:00,24.0,21.050847457627118
2021-03-14 05:00:00,24.0,21.327731092436974
2021-03-14 06:00:00,24.0,21.0
2021-03-14 07:00:00,24.0,21.016666666666666
2021-03-14 08:00:00,24.033898305084747,21.271186440677965
2021-03-14 09:00:00,24.0,22.016806722689076
2021-03-14 10:00:00,24.0,23.383333333333333
2021-03-14 11:00:00,23.47008547008547,25.4017094017094
2021-03-14 12:00:00,23.423728813559322,25.71186440677966
2021-03-14 13:00:00,23.35,26.083333333333332
2021-03-14 14:00:00,22.495726495726494,27.623931623931625
2021-03-14 15:00:00,23.466666666666665,25.166666666666668
2021-03-14 16:00:00,24.0,24.033333333333335
2021-03-14 17:00:00,23.49122807017544,24.219298245614034
2021-03-14 18:00:00,23.652542372881356,25.0
2021-03-14 19:00:00,23.878260869565217,25.713043478260868
2021-03-14 20:00:00,23.0,26.883333333333333
2021-03-14 21:00:00,23.11864406779661,25.338983050847457
2021-03-14 22:00:00,23.121739130434783,24.895652173913042
2021-03-14 23:00:00,22.983050847457626,24.88135593220339
2021-03-15 00:00:00,24.0,22.533333333333335
2021-03-15 01:00:00,24.0,22.504273504273506
2021-03-15 02:00:00,24.0,22.133333333333333
2021-03-15 03:00:00,24.0,22.066666666666666
2021-03-15 04:00:00,24.0,22.0
2021-03-15 05:00:00,24.0,22.0
2021-03-15 06:00:00,24.0,22.0
2021-03-15 07:00:00,24.016949152542374,22.322033898305083
2021-03-15 08:00:00,23.51260504201681,24.41176470588235
2021-03-15 09:00:00,22.133333333333333,26.45
2021-03-15 10:00:00,23.416666666666668,25.433333333333334
2021-03-15 11:00:00,24.0,25.982758620689655
2021-03-15 12:00:00,23.733333333333334,26.566666666666666
2021-03-15 13:00:00,23.65,25.7
2021-03-15 14:00:00,24.0,24.897435897435898
2021-03-15 15:00:00,23.613445378151262,24.050420168067227
2021-03-15 16:00:00,23.28448275862069,23.75862068965517
2021-03-15 17:00:00,23.633333333333333,23.55
2021-03-15 18:00:00,24.0,23.188034188034187
2021-03-15 19:00:00,24.0,22.4
2021-03-15 20:00:00,23.883333333333333,22.916666666666668
2021-03-15 21:00:00,22.152542372881356,25.084745762711865
2021-03-15 22:00:00,23.25423728813559,22.406779661016948
2021-03-15 23:00:00,23.82905982905983,21.153846153846153
2021-03-16 00:00:00,24.0,20.94871794871795
2021-03-16 01:00:00,24.0,20.866666666666667
2021-03-16 02:00:00,24.0,20.35042735042735
2021-03-16 03:00:00,24.0,20.133333333333333
2021-03-16 04:00:00,24.0,20.0
2021-03-16 05:00:00,24.0,19.775862068965516
2021-03-16 06:00:00,24.0,19.666666666666668
2021-03-16 07:00:00,24.54237288135593,20.06779661016949
2021-03-16 08:00:00,24.983050847457626,22.89830508474576
2021-03-16 09:00:00,25.0,23.133333333333333
2021-03-16 10:00:00,24.5,24.0
2021-03-16 11:00:00,24.28448275862069,24.0
2021-03-16 12:00:00,24.0,24.666666666666668
2021-03-16 13:00:00,24.0,24.017094017094017
2021-03-16 14:00:00,24.0,24.0
2021-03-16 15:00:00,24.0,23.26271186440678
2021-03-16 16:00:00,24.0,22.747826086956522
2021-03-16 17:00:00,24.0,21.966666666666665
2021-03-16 18:00:00,24.0,21.033333333333335
2021-03-16 19:00:00,24.0,20.554621848739497
2021-03-16 20:00:00,24.0,20.17094017094017
2021-03-16 21:00:00,24.0,21.440677966101696
2021-03-16 22:00:00,23.866666666666667,22.4
2021-03-16 23:00:00,24.0,20.931623931623932
2021-03-17 00:00:00,24.0,20.5
2021-03-17 01:00:00,23.966666666666665,20.383333333333333
2021-03-17 02:00:00,23.89830508474576,19.71186440677966
2021-03-17 03:00:00,23.88034188034188,19.17948717948718
2021-03-17 04:00:00,24.0,18.333333333333332
2021-03-17 05:00:00,24.0,18.016949152542374
2021-03-17 06:00:00,24.016949152542374,17.728813559322035
2021-03-17 07:00:00,24.728813559322035,17.847457627118644
2021-03-17 08:00:00,25.0,19.683333333333334
2021-03-17 09:00:00,25.0,21.066666666666666
2021-03-17 10:00:00,24.810344827586206,22.112068965517242
2021-03-17 11:00:00,23.983333333333334,23.966666666666665
2021-03-17 12:00:00,24.0,23.633333333333333
2021-03-17 13:00:00,23.973913043478262,23.982608695652175
2021-03-17 14:00:00,23.683333333333334,23.116666666666667
2021-03-17 15:00:00,23.155172413793103,22.482758620689655
2021-03-17 16:00:00,24.0,21.504273504273506
2021-03-17 17:00:00,24.0,21.0
2021-03-17 18:00:00,24.0,20.1
2021-03-17 19:00:00,23.965811965811966,19.76068376068376
2021-03-17 20:00:00,24.0,19.0
2021-03-17 21:00:00,24.0,18.96638655462185
2021-03-17 22:00:00,24.0,18.983333333333334
2021-03-17 23:00:00,23.982905982905983,19.0
2021-03-18 00:00:00,24.0,19.0
2021-03-18 01:00:00,23.93220338983051,19.203389830508474
2021-03-18 02:00:00,23.89830508474576,19.66949152542373
2021-03-18 03:00:00,23.916666666666668,19.266666666666666
2021-03-18 04:00:00,23.949152542372882,19.0
2021-03-18 05:00:00,23.983333333333334,19.016666666666666
2021-03-18 06:00:00,23.97457627118644,19.033898305084747
2021-03-18 07:00:00,23.932773109243698,19.050420168067227
2021-03-18 08:00:00,24.0,20.58974358974359
2021-03-18 09:00:00,24.0,21.58823529411765
2021-03-18 10:00:00,24.0,19.094827586206897
2021-03-18 11:00:00,24.0,18.982905982905983
2021-03-18 12:00:00,24.0,18.273504273504273
2021-03-18 13:00:00,24.0,18.05128205128205
2021-03-18 14:00:00,24.0,18.0
2021-03-18 15:00:00,24.0,18.0
2021-03-18 16:00:00,24.0,18.0
2021-03-18 17:00:00,24.0,17.537815126050422
2021-03-18 18:00:00,24.0,16.899159663865547
2021-03-18 19:00:00,24.023255813953487,16.612403100775193
2021-03-18 20:00:00,23.647727272727273,18.176136363636363
2021-03-18 21:00:00,22.141242937853107,20.819209039548024
2021-03-18 22:00:00,21.717514124293785,19.949152542372882
2021-03-18 23:00:00,23.666666666666668,16.466666666666665
2021-03-19 00:00:00,23.965714285714284,15.982857142857142
2021-03-19 01:00:00,24.0,15.01685393258427
2021-03-19 02:00:00,24.0,14.982954545454545
2021-03-19 03:00:00,24.0,14.53631284916201
2021-03-19 04:00:00,24.0,13.983333333333333
2021-03-19 05:00:00,24.017142857142858,13.965714285714286
2021-03-19 06:00:00,24.166666666666668,13.516666666666667
2021-03-19 07:00:00,24.9,13.683333333333334
2021-03-19 08:00:00,25.0,14.724719101123595
2021-03-19 09:00:00,25.0,14.305084745762711
2021-03-19 10:00:00,25.0,15.201117318435754
2021-03-19 11:00:00,24.64804469273743,16.41899441340782
2021-03-19 12:00:00,24.017045454545453,17.454545454545453
2021-03-19 13:00:00,24.0,18.0
2021-03-19 14:00:00,24.0,17.897142857142857
2021-03-19 15:00:00,24.0,18.932960893854748
2021-03-19 16:00:00,24.0,18.201117318435752
2021-03-19 17:00:00,23.744318181818183,18.357954545454547
2021-03-19 18:00:00,23.353932584269664,18.415730337078653
2021-03-19 19:00:00,22.798882681564248,19.631284916201118
2021-03-19 20:00:00,22.166666666666668,20.266666666666666
2021-03-19 21:00:00,23.25423728813559,18.11864406779661
2021-03-19 22:00:00,24.0,17.133333333333333
2021-03-19 23:00:00,24.0,17.426136363636363
2021-03-20 00:00:00,24.0,17.883333333333333
2021-03-20 01:00:00,24.0,18.016666666666666
2021-03-20 02:00:00,24.0,18.367816091954023
2021-03-20 03:00:00,24.0,19.0
2021-03-20 04:00:00,24.0,19.0
2021-03-20 05:00:00,24.0,19.85
2021-03-20 06:00:00,24.0,20.016949152542374
2021-03-20 07:00:00,24.0,20.6
2021-03-20 08:00:00,24.0,21.0
2021-03-20 09:00:00,24.0,21.466666666666665
2021-03-20 10:00:00,24.0,22.0
2021-03-20 11:00:00,24.0,22.43016759776536
2021-03-20 12:00:00,24.0,23.0
2021-03-20 13:00:00,23.915730337078653,23.837078651685392
2021-03-20 14:00:00,23.150837988826815,24.64804469273743
2021-03-20 15:00:00,23.03954802259887,24.033898305084747
2021-03-20 16:00:00,23.0,24.079545454545453
2021-03-20 17:00:00,23.0,24.016666666666666
2021-03-20 18:00:00,23.0,23.84180790960452
2021-03-20 19:00:00,23.0,23.0
2021-03-20 20:00:00,23.150837988826815,22.564245810055866
2021-03-20 21:00:00,23.466666666666665,21.216666666666665
2021-03-20 22:00:00,24.0,20.15
2021-03-20 23:00:00,23.74576271186441,19.966101694915253
2021-03-21 00:00:00,23.966666666666665,20.0
2021-03-21 01:00:00,24.0,20.0
2021-03-21 02:00:00,24.0,19.454545454545453
2021-03-21 03:00:00,24.0,19.016666666666666
2021-03-21 04:00:00,24.0,18.98314606741573
2021-03-21 05:00:00,24.0,18.915254237288135
2021-03-21 06:00:00,24.0,18.083798882681563
2021-03-21 07:00:00,24.82758620689655,17.2183908045977
2021-03-21 08:00:00,25.0,17.033519553072626
2021-03-21 09:00:00,25.0,17.0
2021-03-21 10:00:00,25.0,17.301136363636363
2021-03-21 11:00:00,24.35,17.983333333333334
2021-03-21 12:00:00,24.0,18.983333333333334
2021-03-21 13:00:00,24.0,19.74576271186441
2021-03-21 14:00:00,24.0,18.94943820224719
2021-03-21 15:00:00,24.0,18.816666666666666
2021-03-21 16:00:00,23.897727272727273,18.96590909090909
2021-03-21 17:00:00,23.933333333333334,18.316666666666666
2021-03-21 18:00:00,24.0,17.102857142857143
2021-03-21 19:00:00,24.0,17.0
2021-03-21 20:00:00,23.983050847457626,17.033898305084747
2021-03-21 21:00:00,23.95,17.133333333333333
2021-03-21 22:00:00,23.9,17.15
2021-03-21 23:00:00,24.0,17.033333333333335
2021-03-22 00:00:00,24.0,17.0
2021-03-22 01:00:00,24.0,17.333333333333332
2021-03-22 02:00:00,24.0,17.216666666666665
2021-03-22 03:00:00,24.0,17.45
2021-03-22 04:00:00,24.0,17.392045454545453
2021-03-22 05:00:00,24.0,17.98324022346369
2021-03-22 06:00:00,24.0,18.068181818181817
2021-03-22 07:00:00,24.0,20.583333333333332
2021-03-22 08:00:00,24.0,25.216666666666665
2021-03-22 09:00:00,24.033333333333335,21.733333333333334
2021-03-22 10:00:00,24.0,21.77840909090909
2021-03-22 11:00:00,24.0,22.0
2021-03-22 12:00:00,24.0,22.460227272727273
2021-03-22 13:00:00,23.677966101694917,23.016949152542374
2021-03-22 14:00:00,23.0,23.782122905027933
2021-03-22 15:00:00,23.0,24.016949152542374
2021-03-22 16:00:00,23.0,24.0
2021-03-22 17:00:00,23.0,24.6
2021-03-22 18:00:00,23.0,24.335227272727273
2021-03-22 19:00:00,23.0,23.084269662921347
2021-03-22 20:00:00,23.094972067039105,23.51396648044693
2021-03-22 21:00:00,23.511363636363637,23.0
2021-03-22 22:00:00,24.0,22.305084745762713
2021-03-22 23:00:00,24.0,22.0
2021-03-23 00:00:00,24.0,22.0
2021-03-23 01:00:00,24.0,21.352272727272727
2021-03-23 02:00:00,24.0,21.0
2021-03-23 03:00:00,24.0,20.372881355932204
2021-03-23 04:00:00,24.0,20.05
2021-03-23 05:00:00,24.0,20.423728813559322
2021-03-23 06:00:00,24.084269662921347,22.825842696629213
2021-03-23 07:00:00,24.220338983050848,24.135593220338983
2021-03-23 08:00:00,25.0,21.766666666666666
2021-03-23 09:00:00,25.01675977653631,21.553072625698324
2021-03-23 10:00:00,25.0,22.392045454545453
2021-03-23 11:00:00,24.71508379888268,24.11731843575419
2021-03-23 12:00:00,24.0,25.365714285714287
2021-03-23 13:00:00,24.0,26.283333333333335
2021-03-23 14:00:00,23.864406779661017,28.728813559322035
2021-03-23 15:00:00,23.35,33.78333333333333
2021-03-23 16:00:00,23.0,31.166666666666668
2021-03-23 17:00:00,22.880681818181817,29.272727272727273
2021-03-23 18:00:00,22.183333333333334,27.933333333333334
2021-03-23 19:00:00,22.833333333333332,26.216666666666665
2021-03-23 20:00:00,23.0,24.625
2021-03-23 21:00:00,23.066666666666666,23.4
2021-03-23 22:00:00,23.43258426966292,23.43258426966292
2021-03-23 23:00:00,23.915254237288135,22.389830508474578
2021-03-24 00:00:00,24.0,21.681564245810055
2021-03-24 01:00:00,24.0,21.366666666666667
2021-03-24 02:00:00,23.914772727272727,21.051136363636363
2021-03-24 03:00:00,23.983333333333334,21.0
2021-03-24 04:00:00,23.966480446927374,20.88268156424581
2021-03-24 05:00:00,23.98314606741573,20.617977528089888
2021-03-24 06:00:00,24.0,21.406779661016948
2021-03-24 07:00:00,23.786516853932586,25.359550561797754
2021-03-24 08:00:00,23.511494252873565,25.471264367816094
2021-03-24 09:00:00,23.716666666666665,24.616666666666667
2021-03-24 10:00:00,23.354285714285716,23.777142857142856
2021-03-24 11:00:00,24.0,23.0
2021-03-24 12:00:00,24.0,23.016666666666666
2021-03-24 13:00:00,24.0,24.02285714285714
2021-03-24 14:00:00,24.0,26.0
2021-03-24 15:00:00,23.65909090909091,26.102272727272727
2021-03-24 16:00:00,23.0,26.833333333333332
2021-03-24 17:00:00,22.966666666666665,25.6
2021-03-24 18:00:00,22.897727272727273,23.869318181818183
2021-03-24 19:00:00,23.0,22.151685393258425
2021-03-24 20:00:00,23.480446927374302,20.620111731843576
2021-03-24 21:00:00,23.96590909090909,19.761363636363637
2021-03-24 22:00:00,24.0,19.716666666666665
2021-03-24 23:00:00,23.966666666666665,19.5
2021-03-25 00:00:00,23.983050847457626,19.06779661016949
2021-03-25 01:00:00,23.983333333333334,18.7
2021-03-25 02:00:00,23.83240223463687,18.76536312849162
2021-03-25 03:00:00,23.948863636363637,18.085227272727273
2021-03-25 04:00:00,23.98324022346369,18.0
2021-03-25 05:00:00,24.0,17.836158192090394
2021-03-25 06:00:00,24.1864406779661,17.88135593220339
2021-03-25 07:00:00,25.0,17.3
2021-03-25 08:00:00,25.181818181818183,18.244318181818183
2021-03-25 09:00:00,25.779661016949152,22.548022598870055
2021-03-25 10:00:00,25.084269662921347,22.421348314606742
2021-03-25 11:00:00,24.83050847457627,22.15819209039548
2021-03-25 12:00:00,24.011173184357542,23.083798882681563
2021-03-25 13:00:00,24.0,23.933333333333334
2021-03-25 14:00:00,24.0,23.102272727272727
2021-03-25 15:00:00,23.98314606741573,22.780898876404493
2021-03-25 16:00:00,23.966666666666665,22.1
2021-03-25 17:00:00,23.45762711864407,22.0
2021-03-25 18:00:00,23.633333333333333,22.05
2021-03-25 19:00:00,23.116666666666667,21.733333333333334
2021-03-25 20:00:00,23.76271186440678,20.694915254237287
2021-03-25 21:00:00,23.416666666666668,20.233333333333334
2021-03-25 22:00:00,23.212290502793294,19.966480446927374
2021-03-25 23:00:00,23.016949152542374,19.694915254237287
2021-03-26 00:00:00,23.15,19.05
2021-03-26 01:00:00,23.279329608938546,18.77094972067039
2021-03-26 02:00:00,23.537142857142857,18.194285714285716
2021-03-26 03:00:00,23.56741573033708,18.03370786516854
2021-03-26 04:00:00,23.77840909090909,17.647727272727273
2021-03-26 05:00:00,24.0,17.3
2021-03-26 06:00:00,24.366666666666667,17.2
2021-03-26 07:00:00,25.0,17.625
2021-03-26 08:00:00,25.0,18.308988764044944
2021-03-26 09:00:00,25.05056179775281,21.865168539325843
2021-03-26 10:00:00,25.0,22.305084745762713
2021-03-26 11:00:00,24.337078651685392,24.06179775280899
2021-03-26 12:00:00,23.677966101694917,26.11864406779661
2021-03-26 13:00:00,23.01675977653631,26.446927374301676
2021-03-26 14:00:00,23.3,25.1
2021-03-26 15:00:00,23.102857142857143,24.222857142857144
2021-03-26 16:00:00,23.36723163841808,23.47457627118644
2021-03-26 17:00:00,23.51396648044693,22.76536312849162
2021-03-26 18:00:00,23.863636363636363,21.982954545454547
2021-03-26 19:00:00,24.0,21.083333333333332
2021-03-26 20:00:00,24.0,20.666666666666668
2021-03-26 21:00:00,24.0,20.0
2021-03-26 22:00:00,24.0,20.702247191011235
2021-03-26 23:00:00,23.833333333333332,21.5
2021-03-27 00:00:00,23.81142857142857,21.405714285714286
2021-03-27 01:00:00,24.0,21.06741573033708
2021-03-27 02:00:00,24.0,21.22159090909091
2021-03-27 03:00:00,24.0,21.664804469273744
2021-03-27 04:00:00,24.0,21.847457627118644
2021-03-27 05:00:00,24.0,21.88268156424581
2021-03-27 06:00:00,23.916666666666668,22.95
2021-03-27 07:00:00,24.0,25.852272727272727
2021-03-27 08:00:00,24.0,25.217877094972067
2021-03-27 09:00:00,24.0,24.28491620111732
2021-03-27 10:00:00,24.0,24.0
2021-03-27 11:00:00,24.0,24.0
2021-03-27 12:00:00,24.0,24.966480446927374
2021-03-27 13:00:00,24.0,25.983050847457626
2021-03-27 14:00:00,23.050279329608937,26.0
2021-03-27 15:00:00,23.0,26.116666666666667
2021-03-27 16:00:00,23.0,27.2
2021-03-27 17:00:00,22.88135593220339,27.74576271186441
2021-03-27 18:00:00,23.0,26.76536312849162
2021-03-27 19:00:00,22.983333333333334,25.9
2021-03-27 20:00:00,23.084745762711865,24.847457627118644
2021-03-27 21:00:00,23.764044943820224,23.93258426966292
2021-03-27 22:00:00,24.0,23.09659090909091
2021-03-27 23:00:00,24.0,22.266666666666666
2021-03-28 00:00:00,24.0,22.016666666666666
2021-03-28 01:00:00,24.0,22.017241379310345
2021-03-28 03:00:00,24.0,22.05056179775281
2021-03-28 04:00:00,24.0,22.0
2021-03-28 05:00:00,24.0,21.966101694915253
2021-03-28 06:00:00,24.0,21.36723163841808
2021-03-28 07:00:00,24.0,21.033519553072626
2021-03-28 08:00:00,24.0,21.051136363636363
2021-03-28 09:00:00,24.03370786516854,21.674157303370787
2021-03-28 10:00:00,23.05,24.916666666666668
2021-03-28 11:00:00,22.017045454545453,26.727272727272727
2021-03-28 12:00:00,22.067039106145252,27.40223463687151
2021-03-28 13:00:00,22.0,27.694915254237287
2021-03-28 14:00:00,22.454545454545453,25.835227272727273
2021-03-28 15:00:00,23.916666666666668,23.733333333333334
2021-03-28 16:00:00,23.90449438202247,23.59550561797753
2021-03-28 17:00:00,23.65909090909091,23.948863636363637
2021-03-28 18:00:00,23.88268156424581,24.279329608938546
2021-03-28 19:00:00,24.0,23.566666666666666
2021-03-28 20:00:00,24.0,23.60112359550562
2021-03-28 21:00:00,24.0,22.96590909090909
2021-03-28 22:00:00,24.016666666666666,22.616666666666667
2021-03-28 23:00:00,24.016949152542374,22.24858757062147
2021-03-29 00:00:00,24.0,22.102857142857143
2021-03-29 01:00:00,24.0,22.01675977653631
2021-03-29 02:00:00,24.0,21.845714285714287
2021-03-29 03:00:00,24.0,21.133333333333333
2021-03-29 04:00:00,24.0,21.033333333333335
2021-03-29 05:00:00,24.033898305084747,20.983050847457626
2021-03-29 06:00:00,24.23076923076923,20.692307692307693
2021-03-30 02:00:00,24.0,23.674556213017752
2021-03-30 03:00:00,24.0,22.798882681564248
2021-03-30 04:00:00,24.0,22.033519553072626
2021-03-30 05:00:00,24.0,22.0
2021-03-30 06:00:00,24.0,21.383333333333333
2021-03-30 07:00:00,24.067039106145252,21.363128491620113
2021-03-30 08:00:00,24.03370786516854,22.741573033707866
2021-03-30 09:00:00,24.728813559322035,24.694915254237287
2021-03-30 10:00:00,25.183333333333334,23.116666666666667
2021-03-30 11:00:00,25.05142857142857,23.84
2021-03-30 12:00:00,24.547486033519554,24.681564245810055
2021-03-30 13:00:00,24.0,25.0
2021-03-30 14:00:00,24.0,24.883333333333333
2021-03-30 15:00:00,24.0,23.983050847457626
2021-03-30 16:00:00,24.0,23.116666666666667
2021-03-30 17:00:00,23.483333333333334,23.333333333333332
2021-03-30 18:00:00,23.0,24.1864406779661
2021-03-30 19:00:00,23.0,23.262569832402235
2021-03-30 20:00:00,23.0,22.28813559322034
2021-03-30 21:00:00,23.017045454545453,22.102272727272727
2021-03-30 22:00:00,23.41340782122905,21.69832402234637
2021-03-30 23:00:00,24.0,20.983050847457626
2021-03-31 00:00:00,24.0,20.60335195530726
2021-03-31 01:00:00,24.0,20.372093023255815
2021-03-31 02:00:00,24.0,20.593220338983052
2021-03-31 03:00:00,24.0,20.410112359550563
2021-03-31 04:00:00,24.0,20.016949152542374
2021-03-31 05:00:00,24.0,20.0561797752809
2021-03-31 06:00:00,24.0,20.067039106145252
2021-03-31 07:00:00,24.0,20.352272727272727
2021-03-31 08:00:00,24.331460674157302,20.06741573033708
2021-03-31 09:00:00,25.084745762711865,20.084745762711865
2021-03-31 10:00:00,25.666666666666668,20.666666666666668
